<?xml version="1.0" encoding="utf-8" ?>
<widget xmlns="http://openajax.org/metadata" spec="1.0" name="Interface-animation-turning-on-bluehex" version="1">

<description type="text/html"><![CDATA[Widget Exported from Flash Professional]]></description>

<category name="Flash Animation"/>
<remarks>Compatible with: InDesign CC, Dreamweaver CC, Muse</remarks>
<icon src="PosterImg_683.png" width="600" height="500"/>
<require type="other" src="Interface-animation-turning-on-bluehex.html"/>
<require type="javascript" src="Interface-animation-turning-on-bluehex.js"/>
<require type="image" src="images/Asset 1.png"/>
<require type="image" src="images/Interface_animation_turning_on_bluehex_atlas_.png"/>
<require type="image" src="images/Interface_animation_turning_on_bluehex_atlas_P_.png"/>
<require type="folder" src="images"/>
<content></content>

<properties name="Properties">
<property name="default-width" defaultValue="600" hidden="true"/>
<property name="default-height" defaultValue="500" hidden="true"/>
<property name="resizable" defaultValue="false" hidden="true"/>
<property name="centering" defaultValue="none" hidden="true"/>
<property name="scaling" defaultValue="none" hidden="true"/>
<property name="html-page" defaultValue="Interface-animation-turning-on-bluehex.html" hidden="true"/>
</properties>

</widget>
